"","height","hash","size","hash","branch","reward","fees","value","difficulty","total_out","tx_hash","generationAddress","script_hex"
"1","409320","000000000000000003057a2c6a562cd4b95f2a61a1b3f578f64bebda790550ab","443048","000000000000000003057a2c6a562cd4b95f2a61a1b3f578f64bebda790550ab","main","2500000000","22157722","641898510026","178659257772","641898510026","ef4f482c819ea01daba497678966d72173082df6b02ebbaa2b3b1cbb364300cd","152f1muMCNa7goXYhYAQC61hxEgGacmncB","03e83e0697da0ed6097a87181d02a8012a68dc100d00202f425443432f000000000000000000000000000000000000000000000000000000000000000000000000000000000000000000000000000000000000"
"2","409321","0000000000000000048cbff7b515ddd0d49635a86753edd90fe216ded393f147","998049","0000000000000000048cbff7b515ddd0d49635a86753edd90fe216ded393f147","main","2500000000","24311263","264425476462","178659257772","264425476462","1894723e7b8f4019c81af67ceb279970024b0f368c171cc3c2ba43de87f159ca","155fzsEBHy9Ri2bMQ8uuuR3tv1YzcDywd4","03e93e0600046a792257048170bb230cff5f01576d860a57000505be0a636b706f6f6c182f426974436c7562204e6574776f726b2f5345475749542f"
"3","409322","0000000000000000011752b442f5b34f00fc9515875a76557f0ae6cba857c004","998049","0000000000000000011752b442f5b34f00fc9515875a76557f0ae6cba857c004","main","2500000000","34301093","468528874239","178659257772","468528874239","9f44063dbe9aabb2365cfe942b54a3540665884423bf7f7c2e6d81d6017bd63e","1BQLNJtMDKmMZ4PyqVFfRuBNvoGhjigBKF","03ea3e060004e17a225704e6d5e620087f5e59dae1a901000a425720537570706f727420384d200a666973686572206a696e78696e092f425720506f6f6c2f"
"4","409323","000000000000000004651f2e71d890aae5892a34113e5a63dc8b2d72dc50bb26","996262","000000000000000004651f2e71d890aae5892a34113e5a63dc8b2d72dc50bb26","main","2500000000","27001504","370561794066","178659257772","370561794066","ddffcb77dc8e3e0cd94db53822b346968c1dbbc665dd1524d13f1665b853c30c","1KFHE7w8BhaENAswwryaoccDb6qcT6DbYY","03eb3e0637e4b883e5bda9e7a59ee4bb99e9b1bcd4b8b42938f6d61ee314a0db0cc5fd47e91dcb1549e0080e9f84479ee92ba83c02000000f09f909f134d696e65642062792068616f6274636d6273370000000000000000000000000000000000000000"
"5","409324","000000000000000002dd4bbf620c3e7bba5393f47ec99c017c1b7b54473794dd","413090","000000000000000002dd4bbf620c3e7bba5393f47ec99c017c1b7b54473794dd","main","2500000000","13096705","152850384899","178659257772","152850384899","6d97ebf4230b598a8646862e3f77a8fc7f31ff636c70bcaf648ee7c9ec9b8bea","152f1muMCNa7goXYhYAQC61hxEgGacmncB","03ec3e0687c24ecf09afe6307103600137436d090100202f425443432f000000000000000000000000000000000000000000000000000000000000000000000000000000000000000000000000000000000000"
"6","409325","00000000000000000442f3ca043a56654a7083bce8ab7494c016c120e4f0ce34","998114","00000000000000000442f3ca043a56654a7083bce8ab7494c016c120e4f0ce34","main","2500000000","76657994","2167898930769","178659257772","2167898930769","85819f219ecbfc15e96a85b335927f08ab58b48bb1bad54858ea2497df0e9dfa","15urYnyeJe3gwbGJ74wcX89Tz7ZtsFDVew","03ed3e061f4d696e656420627920416e74506f6f6c20736330203341273720572284da01c016000015883800"
"7","409326","000000000000000004f36c5e0c30527ae35a1fbe404f97d4ec4438c2b2c04c01","998083","000000000000000004f36c5e0c30527ae35a1fbe404f97d4ec4438c2b2c04c01","main","2500000000","50142281","1480876546617","178659257772","1480876546617","9ee3bb49876abfc3cde53a57b6e1c09789f77a4cb2f48f74074813c94c3cf93a","15urYnyeJe3gwbGJ74wcX89Tz7ZtsFDVew","03ee3e061f4d696e656420627920416e74506f6f6c20626a3133200028768d20572289cdd91a0000c1002900"
"8","409327","0000000000000000002ceb0bc43f650bd605e7d51c48a5238fd5063bd562330a","999858","0000000000000000002ceb0bc43f650bd605e7d51c48a5238fd5063bd562330a","main","2500000000","37336742","738115184273","178659257772","738115184273","13c1a328a6b4800281a05b0f12fb232cb43e611856748d71db3e961266febc99","1KFHE7w8BhaENAswwryaoccDb6qcT6DbYY","03ef3e0637e4b883e5bda9e7a59ee4bb99e9b1bc5f6d33619af388450dafa5ba4af917cee24bba60a7478c45a7df84bdeddc90a402000000f09f909f154d696e65642062792062616f797566616e32303131000000000000000000000000000000000000"
"9","409328","00000000000000000061a51e59d936b2bd7757b16a613b42b8c2e65e3cea1c92","998100","00000000000000000061a51e59d936b2bd7757b16a613b42b8c2e65e3cea1c92","main","2500000000","37229287","720364227085","178659257772","720364227085","2ed3f244e0056335709658a4b638a479086c272d34c998d5917eb8cac1f1f705","15HCzh8AoKRnTWMtmgAsT9TKUPrQ6oh9HQ","03f03e061f4d696e656420627920416e74506f6f6c20757361312022fadf012057228c206f160000419f0000"
"10","409329","0000000000000000014543ef7f8934094e134495f5cab608ecafa31e6c1a5096","999805","0000000000000000014543ef7f8934094e134495f5cab608ecafa31e6c1a5096","main","2500000000","53479858","1586637603440","178659257772","1586637603440","3eeeb43429bf6a1bc2e1ab49c99b8f67e1f5a11151ed5c94ee2d0de9ad8691b2","1KFHE7w8BhaENAswwryaoccDb6qcT6DbYY","03f13e0637e4b883e5bda9e7a59ee4bb99e9b1bcbd11def66d518ffd7382bd32921b2217e9f702aa08003ec0ed5ec662cab088c902000000f09f909f134d696e6564206279207265616c73756e3030320000000000000000000000000000000000000000"
"11","409330","000000000000000004d5b641602c37e8a891a6bed7cf3a2a3ffc958eec6db54d","989233","000000000000000004d5b641602c37e8a891a6bed7cf3a2a3ffc958eec6db54d","main","2500000000","29662384","157154750277","178659257772","157154750277","8c645395e7db477408740d9b1a820eb378cd72182998b9c544dff8b405f82f5e","152f1muMCNa7goXYhYAQC61hxEgGacmncB","03f23e06006c0dd0097a87181d02c0011e86a4aa0300202f425443432f000000000000000000000000000000000000000000000000000000000000000000000000000000000000000000000000000000000000"
